id,name,host_id,host_name,neighbourhood_group,neighbourhood,room_type,price,minimum_nights,number_of_reviews,reviews_per_month,calculated_host_listings_count,availability_365
2539,Clean & quiet apt home by the park,2787,John,Brooklyn,Kensington,Private room,149,1,9,0.21,6,365
2595,Skylit Midtown Castle,2845,Jennifer,Manhattan,Midtown,Entire home/apt,225,1,45,0.38,2,355
3647,THE VILLAGE OF HARLEM....NEW YORK !,4632,Elisabeth,Manhattan,Harlem,Private room,150,3,0,,1,365
3831,Cozy Entire Floor of Brownstone,4869,LisaRoxanne,Brooklyn,Clinton Hill,Entire home/apt,89,1,270,4.64,1,194
5022,Entire Apt: Spacious Studio/Loft by central park,7192,Laura,Manhattan,East Harlem,Entire home/apt,80,10,9,0.1,1,0
5099,Large Cozy 1 BR Apartment In Midtown East,7322,Chris,Manhattan,Murray Hill,Entire home/apt,200,3,74,0.59,1,129
5121,BlissArtsSpace!,7356,Garon,Brooklyn,Bedford-Stuyvesant,Private room,60,45,49,0.4,1,0
5178,Large Furnished Room Near B'way ,8967,Shunichi,Manhattan,Hell's Kitchen,Private room,79,2,430,3.47,1,220
5203,Cozy Clean Guest Room - Family Apt,7490,MaryEllen,Manhattan,Upper West Side,Private room,79,2,118,0.99,1,0
5238,Cute & Cozy Lower East Side 1 bdrm,7549,Ben,Manhattan,Chinatown,Entire home/apt,150,1,160,1.33,4,188
5295,Beautiful 1br on Upper West Side,7702,Lena,Manhattan,Upper West Side,Entire home/apt,135,5,53,0.43,1,6
5441,Central Manhattan/near Broadway,7989,Kate,Manhattan,Hell's Kitchen,Private room,85,2,188,1.5,1,39
5803,"Lovely Room 1, Garden, Best Area, Legal rental",9744,Laurie,Brooklyn,South Slope,Private room,89,4,167,1.34,3,314
6021,Wonderful Guest Bedroom in Manhattan for SINGLES,11528,Claudio,Manhattan,Upper West Side,Private room,85,2,113,0.91,1,333
6090,West Village Nest - Superhost,11975,Alina,Manhattan,West Village,Entire home/apt,120,90,27,0.22,1,0
6848,Only 2 stops to Manhattan studio,15991,Allen & Irina,Brooklyn,Williamsburg,Entire home/apt,140,2,148,1.2,1,46
7097,Perfect for Your Parents + Garden,17571,Jane,Brooklyn,Fort Greene,Entire home/apt,215,2,198,1.72,1,321
7322,Chelsea Perfect,18946,Doti,Manhattan,Chelsea,Private room,140,1,260,2.12,1,12
7726,Hip Historic Brownstone Apartment with Backyard,20950,Adam And Charity,Brooklyn,Crown Heights,Entire home/apt,99,3,53,4.44,1,21
7750,Huge 2 BR Upper East  Cental Park,17985,Sing,Manhattan,East Harlem,Entire home/apt,190,7,0,,2,249
7801,Sweet and Spacious Brooklyn Loft,21207,Chaya,Brooklyn,Williamsburg,Entire home/apt,299,3,9,0.07,1,0
8024,CBG CtyBGd HelpsHaiti rm#1:1-4,22486,Lisel,Brooklyn,Park Slope,Private room,130,2,130,1.09,6,347
8025,CBG Helps Haiti Room#2.5,22486,Lisel,Brooklyn,Park Slope,Private room,80,1,39,0.37,6,364
8110,CBG Helps Haiti Rm #2,22486,Lisel,Brooklyn,Park Slope,Private room,110,2,71,0.61,6,304
8490,"MAISON DES SIRENES1,bohemian apartment",25183,Nathalie,Brooklyn,Bedford-Stuyvesant,Entire home/apt,120,2,88,0.73,2,233
8505,Sunny Bedroom Across Prospect Park,25326,Gregory,Brooklyn,Windsor Terrace,Private room,60,1,19,1.37,2,85
8700,Magnifique Suite au N de Manhattan - vue Cloitres,26394,Claude & Sophie,Manhattan,Inwood,Private room,80,4,0,,1,0
9357,Midtown Pied-a-terre,30193,Tommi,Manhattan,Hell's Kitchen,Entire home/apt,150,10,58,0.49,1,75
9518,"SPACIOUS, LOVELY FURNISHED MANHATTAN BEDROOM",31374,Shon,Manhattan,Inwood,Private room,44,3,108,1.11,3,311
9657,Modern 1 BR / NYC / EAST VILLAGE,21904,Dana,Manhattan,East Village,Entire home/apt,180,14,29,0.24,1,67
9668,front room/double bed,32294,Ssameer Or Trip,Manhattan,Harlem,Private room,50,3,242,2.04,3,355
9704,Spacious 1 bedroom in luxe building,32045,Teri,Manhattan,Harlem,Private room,52,2,88,1.42,1,255
9782,Loft in Williamsburg Area w/ Roof,32169,Andrea,Brooklyn,Greenpoint,Private room,55,4,197,1.65,3,284
9783,back room/bunk beds,32294,Ssameer Or Trip,Manhattan,Harlem,Private room,50,3,273,2.37,3,359
10452,Large B&B Style rooms,35935,Angela,Brooklyn,Bedford-Stuyvesant,Private room,70,1,74,0.66,2,269
10962,"Lovely room 2 & garden; Best area, Legal rental",9744,Laurie,Brooklyn,South Slope,Private room,89,4,168,1.41,3,340
11452,Clean and Quiet in Brooklyn,7355,Vt,Brooklyn,Bedford-Stuyvesant,Private room,35,60,0,,1,365
11708,Cute apt in artist's home,44145,Tyrome,Brooklyn,Bushwick,Entire home/apt,85,2,231,1.96,2,22
11943,Country space in the city,45445,Harriet,Brooklyn,Flatbush,Private room,150,1,0,,1,365
12048,LowerEastSide apt share shortterm 1,7549,Ben,Manhattan,Lower East Side,Shared room,40,1,214,1.81,4,188
12192,ENJOY Downtown NYC!,46978,Edward,Manhattan,East Village,Private room,68,2,245,2.08,2,96
12299,Beautiful Sunny Park Slope Brooklyn,47610,Abdul,Brooklyn,South Slope,Entire home/apt,120,3,15,0.39,1,345
12303,1bdr w private bath. in lofty apt,47618,Yolande,Brooklyn,Fort Greene,Private room,120,7,25,0.23,1,311
12318,West Side Retreat,16800,Cyn,Manhattan,Upper West Side,Private room,135,4,81,0.69,1,273
12343,BEST BET IN HARLEM,47727,Earl,Manhattan,Harlem,Entire home/apt,150,7,97,0.84,1,309
12627,Entire apartment in central Brooklyn neighborhood.,49670,Rana,Brooklyn,Prospect-Lefferts Gardens,Entire home/apt,150,29,11,0.49,1,95
12937,"1 Stop fr. Manhattan! Private Suite,Landmark Block",50124,Orestes,Queens,Long Island City,Private room,130,3,248,2.25,1,215
12940,Charming Brownstone 3 - Near PRATT,50148,Adreinne,Brooklyn,Bedford-Stuyvesant,Entire home/apt,110,7,61,0.52,1,265
13050,bright and stylish duplex,50846,Jennifer,Brooklyn,Bedford-Stuyvesant,Entire home/apt,115,3,11,0.1,1,0
13394,Fort Greene brownstone ,52335,Alexander,Brooklyn,Fort Greene,Private room,80,3,135,1.16,2,192
13808,Blue Room for 2 in Brownstone for $1350 monthly,54275,JT And Tiziana,Brooklyn,Bedford-Stuyvesant,Private room,80,1,112,1.01,3,251
14287,Cozy 1BD on Central Park West in New York City,56094,Joya,Manhattan,Upper West Side,Entire home/apt,151,2,73,0.63,1,302
14290,* ORIGINAL BROOKLYN LOFT *,56104,James,Brooklyn,Williamsburg,Entire home/apt,228,3,82,0.7,1,140
14314,Greenpoint Place...Has It All! ,56246,Jeanne,Brooklyn,Greenpoint,Entire home/apt,144,2,328,2.82,1,234
14322,Beautiful Apartment in Manhattan!!!,56284,Francesca,Manhattan,Kips Bay,Entire home/apt,200,7,19,0.22,1,257
14377,Williamsburg 1 bedroom Apartment,56512,Joanna,Brooklyn,Williamsburg,Entire home/apt,150,30,105,0.9,1,30
14991,"Great Location, Manhattan Bedroom!",59023,Bianca,Manhattan,Lower East Side,Private room,110,5,19,0.17,1,301
15220,Best Location in NYC! TIMES SQUARE!,59734,Luiz,Manhattan,Hell's Kitchen,Private room,69,2,289,2.49,2,294
15338,Room in Greenpoint Loft w/ Roof,32169,Andrea,Brooklyn,Greenpoint,Private room,49,4,138,1.19,3,320
15341,**Bright Nolita Apt w Doorman/Elevators/Gym**,60049,Ted,Manhattan,SoHo,Entire home/apt,180,30,21,0.3,1,154
15385,"Very, very cozy place",60252,Cristina,Brooklyn,Williamsburg,Private room,80,2,42,0.38,1,263
15396,Sunny & Spacious Chelsea Apartment,60278,Petra,Manhattan,Chelsea,Entire home/apt,375,180,5,0.12,1,180
15711,2 bedroom - Upper East Side-great for kids,61491,D,Manhattan,Upper East Side,Entire home/apt,250,2,66,0.57,2,231
16326,Comfortable 4-bedroom apt in family house.,63588,Dimitri,Brooklyn,Prospect Heights,Entire home/apt,200,30,143,1.33,2,297
16338,Double Room w Private Deck Clinton Hill Best Area,63613,Patricia,Brooklyn,Clinton Hill,Private room,55,7,27,0.23,2,292
16421,Your Heaven in Hells Kitchen,63924,Mark,Manhattan,Hell's Kitchen,Private room,52,30,191,1.65,1,191
16458,Light-filled 2B duplex in the heart of Park Slope!,64056,Sara,Brooklyn,Park Slope,Entire home/apt,225,3,4,0.16,1,0
16580,"Sunny, Modern room in East Village!",64442,Reka,Manhattan,East Village,Private room,80,1,338,4.72,2,72
16595,*HAVEN LOFT - Entire Floor - Six Windows - Bricks*,64522,Daniel,Brooklyn,Williamsburg,Entire home/apt,275,1,148,1.4,1,362
16821,Large Room in Amazing East Village Apt,4396,Casey,Manhattan,East Village,Private room,99,1,106,1.26,2,336
16974,SpaHa Loft: Enormous and Bright,65837,Robin,Manhattan,East Harlem,Entire home/apt,225,4,190,1.64,1,215
17037,Lovely EV Artist's Home,66035,Anna,Manhattan,East Village,Entire home/apt,230,9,49,0.43,1,116
17092,Cool Room in Hell's Kitchen,66243,Enzo,Manhattan,Hell's Kitchen,Private room,51,7,23,0.43,1,88
17693,"HARLEM, NEW YORK WELCOMES YOU!!",68428,Tye And Etienne,Manhattan,Washington Heights,Private room,65,2,49,1.6,2,336
17747,BLUE TRIM GUEST HOUSE,68599,George,Brooklyn,Clinton Hill,Private room,105,2,105,0.92,1,304
18127,Charming East Village One Bedroom Flat,69829,Josh,Manhattan,East Village,Entire home/apt,190,5,21,0.2,1,224
18152,Manhattan Room,69942,Victoria,Manhattan,Upper East Side,Private room,200,1,142,1.5,1,322
18198,Little King of Queens,70091,Justin,Queens,Woodside,Private room,70,30,25,0.22,1,324
18590,Fort Greene Retreat on the Park,71512,Blaise,Brooklyn,Fort Greene,Private room,95,3,143,1.28,1,132
18728,Beautiful Meatpacking District Loft,71876,DAVID And RICK,Manhattan,Chelsea,Private room,150,3,167,1.65,1,295
18764,Cozy 2 BR in Williamsburg ,72014,Lulú,Brooklyn,Williamsburg,Private room,145,3,61,0.54,4,238
19159,Spacious luminous apt Upper West NYC,73051,Sybilla,Manhattan,Harlem,Entire home/apt,110,31,54,0.49,1,209
19169,Entire 2 Bedroom - Large & Sunny,73128,JoLynn,Manhattan,Lower East Side,Entire home/apt,285,5,70,0.62,1,328
19282,"Sunny, Spacious Top Floor Haven",73469,Gaia,Brooklyn,Flatbush,Entire home/apt,130,6,16,0.15,1,38
19319,Private room Great Deal at Lower East Side,44263,Ana,Manhattan,Lower East Side,Private room,94,30,94,0.84,1,188
19601,perfect for a family or small group,74303,Maggie,Brooklyn,Brooklyn Heights,Entire home/apt,800,1,25,0.24,1,7
19812,2 bedroom Williamsburg Apt - Bedford L stop,74857,Starlee,Brooklyn,Williamsburg,Entire home/apt,105,3,61,0.53,1,272
20299,Oh glorious spring!,62407,Edward,Manhattan,East Village,Private room,60,3,194,1.73,1,26
20300,Great Location for NYC,76627,Pas,Manhattan,East Village,Private room,50,1,2,0.05,1,0
20611,Cozy Bedroom in Williamsburg 3 BR,72014,Lulú,Brooklyn,Williamsburg,Private room,85,3,174,1.54,4,288
20724,Sunny room+Pvte office in huge loft,961342,Augustin,Brooklyn,Bushwick,Private room,65,4,24,0.28,1,317
20734,Spacious Prospect Heights Apartment,78460,Sean & Lynette,Brooklyn,Prospect Heights,Entire home/apt,131,4,166,3.4,1,207
20755,"Large Parlor Room, Landmark Home 1 block to PRATT",51038,Erica,Brooklyn,Clinton Hill,Private room,98,7,16,0.2,6,185
20853,2-bed brownstone duplex + garden,79070,Tracy,Brooklyn,Prospect Heights,Entire home/apt,250,7,21,0.3,1,158
20913,Charming 1 bed GR8 WBurg LOCATION!,79402,Christiana,Brooklyn,Williamsburg,Entire home/apt,100,5,168,1.57,1,0
21293,Sunny Apartment in Artist Home,44145,Tyrome,Brooklyn,Bushwick,Entire home/apt,105,3,118,1.05,2,9
21456,Light-filled classic Central Park ,42032,Dana,Manhattan,Upper West Side,Entire home/apt,140,3,81,0.71,1,198
21644,"Upper Manhattan, New York",82685,Elliott,Manhattan,Harlem,Private room,89,1,1,0.11,1,365
21794,COZY QUIET room 4 DOOGLERS!,83257,Olan,Manhattan,Chelsea,Private room,98,30,30,0.27,2,364
22911,The Stuydio Modern and Light Filled,87773,Shelly,Brooklyn,Bedford-Stuyvesant,Entire home/apt,125,7,139,1.23,2,311
22918,loft bed - near transportation-15min to times sq,32294,Ssameer Or Trip,Manhattan,Harlem,Private room,60,3,11,0.87,3,219
23135,House On Henry (3rd FLR Suite),11481,Annette,Brooklyn,Carroll Gardens,Entire home/apt,175,2,233,2.09,3,342
23501,Monkey Retreat Manhattan,63318,Meka,Manhattan,Washington Heights,Private room,65,2,68,0.6,1,312
23686,2000 SF 3br 2bath West Village private  townhouse,93790,Ann,Manhattan,West Village,Entire home/apt,500,4,46,0.55,2,243
24143,"Williamsburg—Steps To Subway, Private Bath&Balcony",97219,Seth,Brooklyn,Williamsburg,Private room,101,3,335,3.02,1,152
24285,Beautiful Duplex Apartment,97797,Brenda,Brooklyn,Park Slope,Entire home/apt,220,30,88,0.79,1,9
25235,Large 2 Bedroom Great for Groups!,87773,Shelly,Brooklyn,Bedford-Stuyvesant,Entire home/apt,125,90,162,1.46,2,137
25406,"Modern Brooklyn Apt., August sublet",105538,Erik,Brooklyn,Williamsburg,Entire home/apt,80,30,29,0.4,1,222
25696,"1,800 sq foot in luxury building",107628,Dena,Manhattan,Harlem,Private room,100,2,170,1.61,1,346
26012,Sunny 2-story Brooklyn townhouse w deck and garden,109589,Jessica,Brooklyn,Gowanus,Entire home/apt,200,30,19,0.2,1,208
26362,"Times Square, Safe, Clean and Cozy!",59734,Luiz,Manhattan,Hell's Kitchen,Private room,59,2,334,3,2,279
26520,"Cozy Room #3, Landmark Home 1 Block to PRATT",51038,Erica,Brooklyn,Clinton Hill,Private room,125,2,19,0.2,6,250
26559,Beautiful Apartment East Village,112793,Sally,Manhattan,East Village,Entire home/apt,140,7,12,0.13,1,164
26785,Park Slope Green Guest House,42273,Dani,Brooklyn,South Slope,Entire home/apt,120,30,467,4.22,2,192
26933,2 BR / 2 Bath Duplex Apt with patio! East Village,72062,Bruce,Manhattan,East Village,Entire home/apt,350,2,7,0.06,4,298
26954,NYC fabulous views Manhattan's eye,115157,Nimo,Manhattan,Kips Bay,Entire home/apt,199,5,38,0.38,1,260
26969,2 story family home in Williamsburg,115307,Alexandra,Brooklyn,Williamsburg,Entire home/apt,325,3,324,3.01,1,107
27006,Comfortable UWS 2-BD Family-Friendly Brownstone,115560,Stacy,Manhattan,Upper West Side,Entire home/apt,235,6,27,0.27,1,199
27385,Great Large 1 BR apt  in East Village!,72062,Bruce,Manhattan,East Village,Entire home/apt,225,1,115,1.05,4,299
27531,Eveland Private Bed & Living Room w/ Own Entrance,118971,Evelyn,Brooklyn,South Slope,Private room,99,2,354,3.2,3,20
27644,Sugar Hill Rest Stop ,119510,Emma,Manhattan,Harlem,Entire home/apt,170,2,195,2.03,1,318
27659,3 Story Town House in Park Slope,119588,Vero,Brooklyn,South Slope,Entire home/apt,400,2,16,0.24,2,216
27759,apartment next to Central park,119900,Sylvie,Manhattan,Upper West Side,Entire home/apt,170,7,13,0.12,1,224
27883,East Village Sanctuary,120223,Jen,Manhattan,East Village,Entire home/apt,100,4,25,0.23,1,0
28321,Large 1  BR in a 3 BR Brooklyn apt. next to Q Trn.,65091,Kay,Brooklyn,Prospect-Lefferts Gardens,Private room,75,2,9,0.08,1,324
28396,Modern Apt with Spectacular Views,6197784,Jo,Brooklyn,Williamsburg,Private room,90,1,9,0.08,1,245
28907,Garden studio in the Upper East Sid,124352,Lisa,Manhattan,Upper East Side,Entire home/apt,150,5,21,0.19,1,189
29012,Secluded Master Bedroom in Beautiful Huge Apt,124797,Fernando And Lenin,Manhattan,Washington Heights,Private room,85,15,36,0.33,1,307
29013,B & B Room 1,35935,Angela,Brooklyn,Bedford-Stuyvesant,Private room,70,3,63,0.58,2,310
29455,ACCOMMODATIONS GALORE #1,126607,Laurine,Manhattan,Harlem,Entire home/apt,120,3,155,1.42,3,213
29628,Sunny Room in New Condo,127608,Chris,Brooklyn,Clinton Hill,Private room,89,3,260,2.35,1,278
29683,Stylish & Sleek Apartment Near SoHo!,125857,Uli,Manhattan,East Village,Entire home/apt,185,5,73,0.66,1,209
30031,NYC artists’ loft with roof deck,129352,Sol,Brooklyn,Greenpoint,Private room,50,3,193,1.86,1,0
30927,Unique & Charming small 1br Apt. LES,120335,Cs,Manhattan,Lower East Side,Entire home/apt,105,3,32,0.29,1,16
31130,Most Central Location!,117287,Lara,Manhattan,Hell's Kitchen,Private room,130,2,50,0.45,3,234
31555,Luminous Beautiful West Village Studio,135619,Tom,Manhattan,West Village,Entire home/apt,115,29,26,0.25,1,12
31902,Sanctuary in East Flatbush,137292,Sunder,Brooklyn,Flatlands,Private room,77,2,2,0.02,1,178
31994,Room with En Suite Bathroom & Deck,137814,Waldemar,Brooklyn,Clinton Hill,Private room,76,2,426,3.89,3,275
32023,FLAT MACDONOUGH,137974,Khem,Brooklyn,Bedford-Stuyvesant,Entire home/apt,125,3,227,2.09,2,163
32037,Huge Private  Floor at The Waverly,116599,Sahr,Brooklyn,Clinton Hill,Private room,135,4,84,0.77,3,365
32100,"Modern Greenpoint, Brooklyn Apt",138579,Ali+Scott,Brooklyn,Greenpoint,Entire home/apt,250,29,3,0.03,1,34
32289,"Sun-drenched, artsy modernist 1 BDRM duplex",139612,Elisabeth,Brooklyn,Williamsburg,Entire home/apt,199,3,10,0.1,1,280
32331,"Sunny, Cobble Hill Apartment",139874,Sarah,Brooklyn,Cobble Hill,Entire home/apt,140,2,4,0.04,1,0
32363,Fully Furnished Basement Apartment,140025,Fredah,Queens,Flushing,Private room,140,2,1,0.01,1,1
32965,FLAT MACDONOUGH GARDEN,137974,Khem,Brooklyn,Bedford-Stuyvesant,Entire home/apt,115,3,124,1.72,2,170
32969,Light filled Williamsburg Apartment,142833,Katherine,Brooklyn,Williamsburg,Entire home/apt,160,3,11,0.11,1,188
33009,Retreat in Williamsburg,143027,Ming,Brooklyn,Williamsburg,Entire home/apt,195,4,240,2.19,1,214
33014,NYC Zen,143048,Paula,Manhattan,East Village,Entire home/apt,195,3,30,0.28,1,248
33223,Cozy BR in Wiliamsburg 3 Bedroom,72014,Lulú,Brooklyn,Williamsburg,Private room,80,3,200,1.86,4,262
34760,Sunny Room in Old Historical Brooklyn Townhouse,149929,Obed,Brooklyn,Fort Greene,Private room,44,8,27,1.05,5,280
35526,Sun Filled Classic West Village Apt,120291,Karen,Manhattan,West Village,Private room,156,4,79,0.74,1,307
36121,Lg Rm in Historic Prospect Heights,62165,Michael,Brooklyn,Prospect Heights,Private room,85,15,9,0.09,1,339
36133,Classic Artist Loft Williamsburg,142684,White,Brooklyn,Williamsburg,Private room,125,3,155,1.61,1,1
36442,Great location. Spacious on PROSPECT PARK,137432,Paz,Brooklyn,Prospect Heights,Entire home/apt,115,15,4,0.05,1,269
36647,Private Bdrm/Bathrm. New! Elevator!,157798,Irene,Manhattan,East Harlem,Private room,69,2,34,0.32,1,10
36703,"Sunny, clean 1 bdrm in W. Village",158284,Karene,Manhattan,West Village,Entire home/apt,225,45,134,1.24,1,312
36934,Great location in Williamsburg,159370,Viviana,Brooklyn,Williamsburg,Entire home/apt,125,6,27,0.25,1,189
38638,Light and Airy Upper East Side 1 BDR apartment,92788,Sara,Manhattan,Upper East Side,Entire home/apt,219,4,126,1.16,2,290
38663,Luxury Brownstone in Boerum Hill,165789,Sarah,Brooklyn,Boerum Hill,Entire home/apt,475,3,23,0.27,1,230
39267,CENTRAL PARK LOFT all for YOU,168417,Marie,Manhattan,Upper East Side,Entire home/apt,99,1,234,2.6,2,164
39282,Indie-Chic Share In Williamsburg,168525,Gus,Brooklyn,Williamsburg,Private room,69,4,202,1.86,2,53
39593,"A room w/ a Manhattan view, longer stay",110506,Myung,Queens,Sunnyside,Private room,79,30,28,0.26,1,126
39704,"Private, Large & Sunny 1BR w/W&D",170510,Renée,Brooklyn,Bedford-Stuyvesant,Entire home/apt,135,2,309,2.86,2,3
40039,Luxurious Condo in DUBMO with View,171851,Henry,Brooklyn,DUMBO,Private room,250,3,14,0.13,1,189
40453,Charming & Cozy midtown loft any WEEK ENDS  !!!,174025,Sylvia,Manhattan,Upper East Side,Entire home/apt,250,3,4,0.08,1,365
41348,* Spacious GARDEN Park Slope Duplex* 6 people max,180083,Syl,Brooklyn,Gowanus,Entire home/apt,250,2,80,2.17,1,0
41513,Convenient cozy cheap apt Manhattan,181167,Lorenzo,Manhattan,Harlem,Entire home/apt,80,3,2,0.04,1,0
42580,Parlor Room In Victorian Townhouse,137814,Waldemar,Brooklyn,Clinton Hill,Private room,70,2,294,3.47,3,336
42729,House On Henry (2nd FLR Suite),11481,Annette,Brooklyn,Carroll Gardens,Entire home/apt,165,2,150,1.4,3,342
42882,New York room with a view,185978,Newyorkroomwithaview,Staten Island,St. George,Private room,70,2,166,1.66,1,312
43957,Sunny cozy room in Brklyn townhouse,177536,Tessa,Brooklyn,Bushwick,Private room,50,2,47,0.94,1,37
44096,Room with a View,190409,Waundell,Bronx,Highbridge,Private room,40,1,219,2.04,3,353
44161,Light+Open+Airy+Rustic+Modern Loft,193360,Young,Brooklyn,Williamsburg,Entire home/apt,150,2,193,1.78,1,177
44212,West Inn 2 - East Village,72062,Bruce,Manhattan,East Village,Private room,125,1,84,0.78,4,310
44221,Financial District Luxury Loft,193722,Coral,Manhattan,Financial District,Entire home/apt,196,3,114,1.06,1,0
44229,BROOKLYN VICTORIAN STYLE SUITE.....,181376,Carol,Brooklyn,Fort Greene,Private room,110,2,213,2,2,321
44288,Your own Lovely West Village Studio,193637,Sara,Manhattan,West Village,Entire home/apt,170,3,86,0.8,1,246
44506,ACCOMMODATIONS GALORE#3. 1-5 GUESTS,126607,Laurine,Manhattan,Harlem,Entire home/apt,165,3,80,0.75,3,231
45393,Greenwich Village Stylish Apartment,201297,Myrna,Manhattan,West Village,Entire home/apt,150,26,38,0.36,1,225
45542,Clean and Cozy Harlem Apartment,202249,Campbell,Manhattan,Harlem,Entire home/apt,100,2,18,1.79,1,0
45556,"Fort Greene, Brooklyn: Center Bedroom",67778,Doug,Brooklyn,Fort Greene,Private room,65,2,206,1.92,2,0
45910,Beautiful Queens Brownstone! - 5BR,204539,Mark,Queens,Ridgewood,Entire home/apt,350,8,10,0.11,5,365
45936,Couldn't Be Closer To Columbia Uni,867225,Rahul,Manhattan,Morningside Heights,Private room,99,4,122,1.18,2,233
45940,Bright Spacious Luxury Condo,204724,Miyoung,Brooklyn,Williamsburg,Entire home/apt,200,4,33,0.58,1,1
46544,Park Slope haven 15 mins from Soho,8198,Monica,Brooklyn,Park Slope,Entire home/apt,150,5,52,0.5,1,18
46723,SAFE  AND BEAUTIFUL ACCOMODATION,209460,Marylyn,Brooklyn,Bedford-Stuyvesant,Private room,90,3,126,1.17,4,343
46911,Large Room in private Brownstone in Park Slope,210746,Kathleen R.,Brooklyn,Prospect Heights,Private room,120,3,51,0.48,3,250
47199,"NEW YORK CITY, 1 BDRM.(NEAR CENTRAL PARK & METRO)",212722,Teresa,Manhattan,Upper East Side,Private room,75,3,199,1.85,1,326
47362,"LARGE, COMFY 1BDR W/CHARACTER!!!",214148,Robert,Brooklyn,Bedford-Stuyvesant,Entire home/apt,175,26,30,0.29,1,364
47370,Chelsea Studio sublet 1 - 2 months,214287,Alex,Manhattan,Chelsea,Entire home/apt,125,3,3,0.03,1,0
47926,LUX APT IN TIMES SQUARE NEW BUILDING,218404,Claudia,Manhattan,Hell's Kitchen,Entire home/apt,275,1,41,0.38,1,299
48719,Designer 1 BR Duplex w/ Terrace- Spectacular Views,221873,Shane,Manhattan,Lower East Side,Entire home/apt,299,2,109,1.04,1,207
50447,Lovely Apt & Garden;  Legal;  Best Area; Amenities,9744,Laurie,Brooklyn,South Slope,Entire home/apt,135,5,151,1.43,3,162
51438,1 Bedroom in 2 Bdrm Apt- Upper East,236421,Jessica,Manhattan,Upper East Side,Private room,130,14,0,,2,0
51485,Lower East Side $57~/night,236655,Erina,Manhattan,Lower East Side,Private room,83,1,285,2.69,1,7
51572,Prime Location in Manhattan,237329,Lee,Manhattan,Chelsea,Private room,123,1,375,3.52,1,328
51850,( F) Excellent/Pvt Rm,27848,Jullett,Queens,Jamaica,Private room,55,2,52,0.49,2,365
53137,"Quiet, sunny Midtown Manhattan apt.",240360,Marlaine,Manhattan,Hell's Kitchen,Entire home/apt,195,5,10,1.01,1,0
53196,Big Room/Washer-Dryer/Wifi/AC/JMZ,247432,Charlotte,Brooklyn,Bedford-Stuyvesant,Private room,80,2,11,0.48,1,0
53469,cozy studio with parking spot,204539,Mark,Queens,Middle Village,Entire home/apt,98,30,33,0.31,5,240
53470,Clean and convenient 2BR apartment,204539,Mark,Queens,Ridgewood,Private room,140,7,6,0.06,5,365
53477,3 floors of luxury!,204539,Mark,Queens,Middle Village,Entire home/apt,265,7,38,0.38,5,365
54158,The Institute—Heart of Williamsburg,10889,Bob,Brooklyn,Williamsburg,Entire home/apt,249,2,358,3.44,2,164
54453,MIDTOWN WEST - Large alcove studio,255583,Anka,Manhattan,Hell's Kitchen,Shared room,105,6,10,0.09,1,363
54466,Beautiful Uptown Manhattan apartmnt,253385,Douglas,Manhattan,Harlem,Private room,200,30,0,,1,365
54508,Sml Rm in pr Brst  Park Sl great for Med/students,210746,Kathleen R.,Brooklyn,Prospect Heights,Private room,100,2,226,2.12,3,250
54544,City Room - Private Penthouse Apt.,256161,Wayne,Manhattan,Harlem,Entire home/apt,121,1,104,1,5,247
54626,Cozy bedroom by Yankee Stadium,190409,Waundell,Bronx,Highbridge,Private room,45,1,138,1.45,3,323
54860,Great apartment with private bathroom and entrance,258164,Jenny,Manhattan,East Harlem,Private room,100,5,204,1.92,1,192
55467,Private Garden Apt • New Renovation,260709,Paul,Brooklyn,Williamsburg,Entire home/apt,140,2,253,3.04,1,125
55498,Modern comfort in art infused landmark Brownstone,262138,Tami,Brooklyn,Bedford-Stuyvesant,Private room,71,2,23,0.22,1,91
55668,"NOHO/EAST VILLAGE, PRIVATE 1/2 BATH",88209,Jason,Manhattan,NoHo,Private room,130,2,115,1.17,1,75
55737,Sleek & Comfortable Soho Apt,263414,Pete,Manhattan,West Village,Entire home/apt,199,5,129,1.22,1,286
55959,Spacious Williamsburg Share w/ LOFT BED,168525,Gus,Brooklyn,Williamsburg,Private room,69,4,82,1.13,2,60
55982,Cozy 2 br in sunny Fort Greene apt,264928,Sally,Brooklyn,Fort Greene,Private room,68,3,37,0.35,1,0
56467,Cozy East Village Railroad 1 Bed!,267593,Leonardo,Manhattan,East Village,Entire home/apt,130,1,204,2.04,1,192
56525,1 Bedroom Loft w/ Private Roof Deck,268014,Alex,Brooklyn,Greenpoint,Entire home/apt,195,2,69,0.65,1,58
56859,City Room - Private & Comfy Bedroom,256161,Wayne,Manhattan,Harlem,Private room,64,1,192,1.84,5,245
57166,Elegant NYC Pad,272006,Vasili,Queens,Ditmars Steinway,Entire home/apt,140,2,17,0.16,1,292
57297,"Clean & bright 1BR in Cobble Hill, GREAT location!",199392,S.M.,Brooklyn,Cobble Hill,Entire home/apt,159,2,222,2.12,1,279
57468,"Modern, Large East Village Loft",239208,Ori,Manhattan,East Village,Entire home/apt,189,3,205,1.96,1,0
57618,"Great new apt, close to everything",274557,Ana,Manhattan,Hell's Kitchen,Entire home/apt,250,3,94,0.96,1,3
57740,Quiet & Clean Retreat in the City,275459,I,Manhattan,East Village,Entire home/apt,239,3,7,0.07,1,351
57754,Stylish Large Gramercy Loft!,275578,R,Manhattan,Flatiron District,Entire home/apt,305,2,108,1.09,1,201
57874,The Brownstone-Luxury 1 Bd Apt/NYC,276291,Simon,Manhattan,Harlem,Entire home/apt,155,3,222,2.1,2,232
58059,PRIVATE Room on Historic Sugar Hill,277379,Agnes,Manhattan,Harlem,Private room,60,1,458,4.58,2,258
58062,South Slope Green,277394,Linda,Brooklyn,Windsor Terrace,Private room,135,2,21,0.26,1,272
58467,"17 Flr. Manhattan Views, Nr. Subway",279797,Dave,Manhattan,Roosevelt Island,Private room,120,7,17,0.3,1,341
59014,"Spacious 1BR, Adorable Clean Quiet",282927,Drica,Manhattan,Lower East Side,Entire home/apt,150,3,41,0.39,1,244
59121,"Nice, clean, safe, convenient 3BR",204539,Mark,Queens,Ridgewood,Entire home/apt,140,14,1,0.01,5,365
59642,Franklin St Flat in Trendy Greenpoint Brooklyn,274782,Betty,Brooklyn,Greenpoint,Entire home/apt,135,2,69,0.67,1,12
59709,"Artistic, Cozy, and Spacious w/ Patio! Sleeps 5",186084,Ricardo & Ashlie,Manhattan,Chinatown,Entire home/apt,250,4,18,0.18,2,265
59855,One bedroom Apt. in NYC,288031,Leslie,Manhattan,Midtown,Entire home/apt,250,30,82,0.78,1,0
60164,"Beautiful, elegant 3 bed SOHO loft",289653,Harrison,Manhattan,SoHo,Entire home/apt,500,4,94,0.99,1,329
60457,Spacious Greenwich Village Apt,99212,Jessica,Manhattan,Greenwich Village,Entire home/apt,225,5,10,0.1,1,91
60611,SpaHa Studio Monthly Rental,292204,Blanca,Manhattan,East Harlem,Entire home/apt,125,28,183,1.83,2,365
60666,City Room - Private Luxury Suite,256161,Wayne,Manhattan,Harlem,Private room,92,1,189,1.82,5,253
60673,Private Room/bath Luxurious Harlem,249372,Cynthia,Manhattan,Harlem,Private room,175,2,1,0.11,1,365
60680,The gem of the East Village,292630,Mich,Manhattan,East Village,Entire home/apt,99,2,127,1.22,1,320
60794,"Bright and spacious, garden below!",293394,Rachel,Manhattan,Upper West Side,Entire home/apt,195,4,4,0.04,1,0
60948,ACCOMMODATIONS GALORE #2,126607,Laurine,Manhattan,East Harlem,Entire home/apt,140,3,135,1.3,3,192
61167,Colorful Private One Bedroom Apt,295760,Greta,Manhattan,Little Italy,Entire home/apt,135,2,21,0.2,1,0
61224,Huge Chelsea Loft,291112,Frank,Manhattan,Chelsea,Entire home/apt,500,2,35,0.34,1,348
61406,Great room in great location,297176,Bethania,Manhattan,Harlem,Private room,80,14,10,2.21,2,0
61492,Exclusive Room with Private Bath in  LES,297769,Tunji,Manhattan,Chinatown,Private room,120,4,171,1.8,2,353
61509,"Quiet, clean midtown apt w. elevato",23619,Anna/Fonzy,Manhattan,Midtown,Entire home/apt,110,200,92,0.9,1,140
62095,BK Sweet Suite w/Kitchen&FullBath,281764,Colette&Sean,Brooklyn,East Flatbush,Entire home/apt,65,3,238,2.3,1,2
62427,Great East Village Apartment Rental,303882,Brie,Manhattan,East Village,Entire home/apt,130,50,56,0.58,1,56
62430,BROWNSTONE SUNDRENCHED BEAUTY,197755,Sheila,Brooklyn,Bushwick,Entire home/apt,99,3,111,2.13,1,68
